Parameter Value,Average Rewards,Average Costs
tresh=0.01,3.32143,0.8883
tresh=0.05,3.74648,0.89085
tresh=0.1,3.77065,0.92657
tresh=0.25,3.81191,0.94042
